<?xml version="1.0" encoding="UTF-8"?>
<api context="/person" name="AgeCalcAPI" xmlns="http://ws.apache.org/ns/synapse">
	<resource methods="POST" uri-template="/resource">
		<inSequence>
			<log category="INFO" level="full"/>
			<class name="com.example.person.CustomMediator"/>
			<payloadFactory media-type="json" template-type="default">
				<format>{
					"age":"$1",
					"leap":"$2"}
				</format>
				<args>
					<arg expression="//jsonObject/age" evaluator="xml"/>
					<arg expression="//jsonObject/leap" evaluator="xml"/>
				</args>
			</payloadFactory>
						<log category="INFO" level="full"/>

			<call>
				<endpoint key="checkAgeEP"/>
			</call>
			<log category="INFO" level="full"/>
			<respond/>
		</inSequence>
		<faultSequence>
		</faultSequence>
	</resource>
</api>